{
  "Description": {
    "Id": "starsystemdef_EC3040-B48A",
    "Name": "EC3040-B48A",
    "Details": "Primitives residing in their conclaves on the plains fear to venture into the Old Canyons. On the eve each twin moonrise, the conclave elders retell their story of The Lashing, or their exile from those canyons. The details and precise wording have changed over time. Even the title differs from kinship to kinship, be it 'Worza's Lament', 'The Dawn of Knives', or 'Downfall'. No matter the small details of this fable, its central theme has never faltered: retribution.",
    "Icon": ""
  },
  "Position": {
    "x": 665,
    "y": -380,
    "z": 0
  },
  "Tags": {
    "items": [
      "planet_name_ec3040-b48a",
      "planet_size_large",
      "planet_climate_lunar",
      "planet_feature_moon02",
      "planet_other_moon",
      "planet_pop_none",
      "planet_civ_innersphere",
      "planet_industry_rich",
      "planet_industry_research",
      "planet_industry_manufacturing",
      "planet_other_comstar",
      "planet_other_starleague",
      "planet_other_boreholes",
      "planet_faction_nofaction",
      "planet_other_empty"
    ],
    "tagSetSourceFile": ""
  },
  "SupportedBiomes": [
    "desertParched",
    "badlandsParched"
  ],
  "MapRequiredTags": {
    "items": [],
    "tagSetSourceFile": ""
  },
  "MapExcludedTags": {
    "items": [],
    "tagSetSourceFile": ""
  },
  "FuelingStation": false,
  "JumpDistance": 30,
  "ownerID": "NoFaction",
  "ShopRefreshRate": 0,
  "ShopMaxInventory": 0,
  "ShopMaxSpecials": 9,
  "SystemInfluence": [
    {
      "factionID": "NoFaction",
      "Influence": 0
    },
    {
      "factionID": "Davion",
      "Influence": 0
    },
    {
      "factionID": "Liao",
      "Influence": 0
    },
    {
      "factionID": "Kurita",
      "Influence": 0
    },
    {
      "factionID": "Marik",
      "Influence": 0
    },
    {
      "factionID": "Steiner",
      "Influence": 0
    },
    {
      "factionID": "TaurianConcordat",
      "Influence": 0
    },
    {
      "factionID": "MagistracyOfCanopus",
      "Influence": 0
    },
    {
      "factionID": "AuriganDirectorate",
      "Influence": 0
    },
    {
      "factionID": "AuriganRestoration",
      "Influence": 0
    },
    {
      "factionID": "ComStar",
      "Influence": 0
    },
    {
      "factionID": "MercenaryReviewBoard",
      "Influence": 0
    },
    {
      "factionID": "AuriganPirates",
      "Influence": 0
    },
    {
      "factionID": "AuriganMercenaries",
      "Influence": 0
    }
  ],
  "TravelRequirements": [
    {
      "Scope": "Company",
      "RequirementTags": {
        "items": [
          "map_travel_2a"
        ],
        "tagSetSourceFile": ""
      },
      "ExclusionTags": {
        "items": [],
        "tagSetSourceFile": ""
      },
      "RequirementComparisons": []
    }
  ],
  "StarPosition": null,
  "StarType": "O",
  "Depletable": false,
  "UseSystemRoninHiringChance": false,
  "RoninHiringChance": 0,
  "UseMaxContractOverride": false,
  "MaxContractOverride": 0,
  "SystemShopItems": [
    "itemCollection_major_TaurianConcordat",
    "itemCollection_shop_chemicalsProgression",
    "itemCollection_shop_miningProgression"
  ],
  "factionShopOwnerID": "NoFaction",
  "FactionShopItems": [
    "itemCollection_faction_TaurianConcordat"
  ],
  "BlackMarketShopItems": null,
  "CoreSystemID": "starsystemdef_EC3040-B48A",
  "StartingSystemModes": [
    "KAMEA_CAMPAIGN",
    "CAREER",
    "NONE"
  ],
  "DefaultDifficulty": 10,
  "DifficultyList": [],
  "DifficultyModes": [],
  "contractEmployerIDs": [],
  "contractTargetIDs": [
    "Steiner",
    "Marik",
    "Kurita",
    "Davion",
    "Liao",
    "AuriganRestoration",
    "ComStar",
    "MagistracyOfCanopus",
    "TaurianConcordat",
    "Outworld",
    "Marian",
    "Oberon",
    "Lothian",
    "Circinus",
    "Illyrian",
    "Rasalhague",
    "Ives",
    "Axumite",
    "Castile",
    "Chainelane",
    "ClanBurrock",
    "ClanCloudCobra",
    "ClanCoyote",
    "ClanDiamondShark",
    "ClanFireMandrill",
    "ClanGhostBear",
    "ClanGoliathScorpion",
    "ClanHellsHorses",
    "ClanIceHellion",
    "ClanJadeFalcon",
    "ClanNovaCat",
    "ClansGeneric",
    "ClanSmokeJaguar",
    "ClanSnowRaven",
    "ClanStarAdder",
    "ClanSteelViper",
    "ClanWolf",
    "Delphi",
    "Elysia",
    "Hanse",
    "JarnFolk",
    "Tortuga",
    "Valkyrate",
    "NoFaction",
    "Locals",
    "AuriganDirectorate",
    "AuriganPirates",
    "WordOfBlake"
  ]
}