{
  "Description": {
    "Id": "starsystemdef_EC3040-B50A",
    "Name": "EC3040-B50A",
    "Details": "The role of the explorer is not simply the charting of unknown territories, for that is aimless wandering with extra expense. The great explorer ventures out in the interests of something bolder and larger themselves: country, unity and family. Our expedition is not in pursuit of petty glory, for we fly the colours of House Davion and we will only depart once those colours are nailed firmly to the mast, with our eyes on an endless horizon. Only then, we will do our duty, for country and countrymen.'\\r\\n\\r\\n - Proceedings from the 827th Expeditionary Planning Board, House Davion",
    "Icon": ""
  },
  "Position": {
    "x": 682,
    "y": -395,
    "z": 0
  },
  "Tags": {
    "items": [
      "planet_name_ec3040-b50a",
      "planet_size_small",
      "planet_climate_terran",
      "planet_other_volcanic",
      "planet_other_fungus",
      "planet_feature_asteroids",
      "planet_pop_none",
      "planet_civ_innersphere",
      "planet_industry_poor",
      "planet_industry_research",
      "planet_industry_manufacturing",
      "planet_other_comstar",
      "planet_other_starleague",
      "planet_faction_nofaction",
      "planet_other_empty"
    ],
    "tagSetSourceFile": ""
  },
  "SupportedBiomes": [
    "highlandsSpring",
    "highlandsFall",
    "lowlandsSpring",
    "lowlandsFall",
    "badlandsParched",
    "lowlandsCoastal",
    "jungleTropical"
  ],
  "MapRequiredTags": {
    "items": [],
    "tagSetSourceFile": ""
  },
  "MapExcludedTags": {
    "items": [],
    "tagSetSourceFile": ""
  },
  "FuelingStation": false,
  "JumpDistance": 8,
  "ownerID": "NoFaction",
  "ShopRefreshRate": 0,
  "ShopMaxInventory": 0,
  "ShopMaxSpecials": 9,
  "SystemInfluence": [
    {
      "factionID": "NoFaction",
      "Influence": 0
    },
    {
      "factionID": "Davion",
      "Influence": 0
    },
    {
      "factionID": "Liao",
      "Influence": 0
    },
    {
      "factionID": "Kurita",
      "Influence": 0
    },
    {
      "factionID": "Marik",
      "Influence": 0
    },
    {
      "factionID": "Steiner",
      "Influence": 0
    },
    {
      "factionID": "TaurianConcordat",
      "Influence": 0
    },
    {
      "factionID": "MagistracyOfCanopus",
      "Influence": 0
    },
    {
      "factionID": "AuriganDirectorate",
      "Influence": 0
    },
    {
      "factionID": "AuriganRestoration",
      "Influence": 0
    },
    {
      "factionID": "ComStar",
      "Influence": 0
    },
    {
      "factionID": "MercenaryReviewBoard",
      "Influence": 0
    },
    {
      "factionID": "AuriganPirates",
      "Influence": 0
    },
    {
      "factionID": "AuriganMercenaries",
      "Influence": 0
    }
  ],
  "TravelRequirements": [
    {
      "Scope": "Company",
      "RequirementTags": {
        "items": [
          "map_travel_2a"
        ],
        "tagSetSourceFile": ""
      },
      "ExclusionTags": {
        "items": [],
        "tagSetSourceFile": ""
      },
      "RequirementComparisons": []
    }
  ],
  "StarPosition": null,
  "StarType": "B",
  "Depletable": false,
  "UseSystemRoninHiringChance": false,
  "RoninHiringChance": 0,
  "UseMaxContractOverride": false,
  "MaxContractOverride": 0,
  "SystemShopItems": [
    "itemCollection_major_TaurianConcordat",
    "itemCollection_shop_chemicalsProgression",
    "itemCollection_shop_miningProgression"
  ],
  "factionShopOwnerID": "NoFaction",
  "FactionShopItems": [
    "itemCollection_faction_TaurianConcordat"
  ],
  "BlackMarketShopItems": null,
  "CoreSystemID": "starsystemdef_EC3040-B50A",
  "StartingSystemModes": [
    "KAMEA_CAMPAIGN",
    "CAREER",
    "NONE"
  ],
  "DefaultDifficulty": 10,
  "DifficultyList": [],
  "DifficultyModes": [],
  "contractEmployerIDs": [],
  "contractTargetIDs": [
    "Steiner",
    "Marik",
    "Kurita",
    "Davion",
    "Liao",
    "AuriganRestoration",
    "ComStar",
    "MagistracyOfCanopus",
    "TaurianConcordat",
    "Outworld",
    "Marian",
    "Oberon",
    "Lothian",
    "Circinus",
    "Illyrian",
    "Rasalhague",
    "Ives",
    "Axumite",
    "Castile",
    "Chainelane",
    "ClanBurrock",
    "ClanCloudCobra",
    "ClanCoyote",
    "ClanDiamondShark",
    "ClanFireMandrill",
    "ClanGhostBear",
    "ClanGoliathScorpion",
    "ClanHellsHorses",
    "ClanIceHellion",
    "ClanJadeFalcon",
    "ClanNovaCat",
    "ClansGeneric",
    "ClanSmokeJaguar",
    "ClanSnowRaven",
    "ClanStarAdder",
    "ClanSteelViper",
    "ClanWolf",
    "Delphi",
    "Elysia",
    "Hanse",
    "JarnFolk",
    "Tortuga",
    "Valkyrate",
    "NoFaction",
    "Locals",
    "AuriganDirectorate",
    "AuriganPirates",
    "WordOfBlake"
  ]
}