{
  "Description": {
    "Id": "starsystemdef_EC3040-B42A",
    "Name": "EC3040-B42A",
    "Details": "Death is like the insect \\r\\nMenacing the tree, \\r\\nCompetent to kill it, \\r\\nBut decoyed may be. \\r\\n\\r\\nBait it with the balsam, \\r\\nSeek it with the saw, \\r\\nBaffle, if it cost you \\r\\nEverything you are. \\r\\n\\r\\nThen, if it have burrowed \\r\\nOut of reach of skill, \\r\\nWring the tree and leave it, \\r\\n'Tis the vermin's will.' \\r\\n\\r\\n- Emily Dickinson, ancient Terran poet",
    "Icon": ""
  },
  "Position": {
    "x": 662,
    "y": -370,
    "z": 0
  },
  "Tags": {
    "items": [
      "planet_name_ec3040-b42a",
      "planet_size_large",
      "planet_climate_arctic",
      "planet_other_fungus",
      "planet_other_storms",
      "planet_feature_gasgiant",
      "planet_pop_none",
      "planet_civ_innersphere",
      "planet_industry_rich",
      "planet_industry_aquaculture",
      "planet_industry_research",
      "planet_industry_manufacturing",
      "planet_other_comstar",
      "planet_other_starleague",
      "planet_faction_nofaction",
      "planet_other_empty"
    ],
    "tagSetSourceFile": ""
  },
  "SupportedBiomes": [
    "polarFrozen",
    "tundraFrozen"
  ],
  "MapRequiredTags": {
    "items": [],
    "tagSetSourceFile": ""
  },
  "MapExcludedTags": {
    "items": [],
    "tagSetSourceFile": ""
  },
  "FuelingStation": false,
  "JumpDistance": 5,
  "ownerID": "NoFaction",
  "ShopRefreshRate": 0,
  "ShopMaxInventory": 0,
  "ShopMaxSpecials": 9,
  "SystemInfluence": [
    {
      "factionID": "NoFaction",
      "Influence": 0
    },
    {
      "factionID": "Davion",
      "Influence": 0
    },
    {
      "factionID": "Liao",
      "Influence": 0
    },
    {
      "factionID": "Kurita",
      "Influence": 0
    },
    {
      "factionID": "Marik",
      "Influence": 0
    },
    {
      "factionID": "Steiner",
      "Influence": 0
    },
    {
      "factionID": "TaurianConcordat",
      "Influence": 0
    },
    {
      "factionID": "MagistracyOfCanopus",
      "Influence": 0
    },
    {
      "factionID": "AuriganDirectorate",
      "Influence": 0
    },
    {
      "factionID": "AuriganRestoration",
      "Influence": 0
    },
    {
      "factionID": "ComStar",
      "Influence": 0
    },
    {
      "factionID": "MercenaryReviewBoard",
      "Influence": 0
    },
    {
      "factionID": "AuriganPirates",
      "Influence": 0
    },
    {
      "factionID": "AuriganMercenaries",
      "Influence": 0
    }
  ],
  "TravelRequirements": [
    {
      "Scope": "Company",
      "RequirementTags": {
        "items": [
          "map_travel_2a"
        ],
        "tagSetSourceFile": ""
      },
      "ExclusionTags": {
        "items": [],
        "tagSetSourceFile": ""
      },
      "RequirementComparisons": []
    }
  ],
  "StarPosition": null,
  "StarType": "A",
  "Depletable": false,
  "UseSystemRoninHiringChance": false,
  "RoninHiringChance": 0,
  "UseMaxContractOverride": false,
  "MaxContractOverride": 0,
  "SystemShopItems": [
    "itemCollection_major_TaurianConcordat",
    "itemCollection_shop_chemicalsProgression",
    "itemCollection_shop_miningProgression"
  ],
  "factionShopOwnerID": "NoFaction",
  "FactionShopItems": [
    "itemCollection_faction_TaurianConcordat"
  ],
  "BlackMarketShopItems": null,
  "CoreSystemID": "starsystemdef_EC3040-B42A",
  "StartingSystemModes": [
    "KAMEA_CAMPAIGN",
    "CAREER",
    "NONE"
  ],
  "DefaultDifficulty": 10,
  "DifficultyList": [],
  "DifficultyModes": [],
  "contractEmployerIDs": [],
  "contractTargetIDs": [
    "Steiner",
    "Marik",
    "Kurita",
    "Davion",
    "Liao",
    "AuriganRestoration",
    "ComStar",
    "MagistracyOfCanopus",
    "TaurianConcordat",
    "Outworld",
    "Marian",
    "Oberon",
    "Lothian",
    "Circinus",
    "Illyrian",
    "Rasalhague",
    "Ives",
    "Axumite",
    "Castile",
    "Chainelane",
    "ClanBurrock",
    "ClanCloudCobra",
    "ClanCoyote",
    "ClanDiamondShark",
    "ClanFireMandrill",
    "ClanGhostBear",
    "ClanGoliathScorpion",
    "ClanHellsHorses",
    "ClanIceHellion",
    "ClanJadeFalcon",
    "ClanNovaCat",
    "ClansGeneric",
    "ClanSmokeJaguar",
    "ClanSnowRaven",
    "ClanStarAdder",
    "ClanSteelViper",
    "ClanWolf",
    "Delphi",
    "Elysia",
    "Hanse",
    "JarnFolk",
    "Tortuga",
    "Valkyrate",
    "NoFaction",
    "Locals",
    "AuriganDirectorate",
    "AuriganPirates",
    "WordOfBlake"
  ]
}